Matches found in filtered_5tzo_residues (PDB ID),Description,Residues,Query,Database Hits,Heteroatoms Notes in Database hit,RMSD,Viewer,Source File,RMSD_clean,Matches found in filtered_7qt2_residues (PDB ID),Matches found in filtered_7qt3_residues (PDB ID),Matches found in filtered_7u64_residues (PDB ID),Matches found in filtered_8ef5_residues (PDB ID),Matches found in filtered_8tfq_residues (PDB ID),Matches found in filtered_8v9w_residues (PDB ID),Matches found in filtered_9axn_residues (PDB ID),Matches found in filtered_9axo_residues (PDB ID),Matches found in filtered_9axr_residues (PDB ID)
1bf2,ISOAMYLASE,G; Y; G; Y; T;,A  64   ; A  80   ; A  92   ; A 108   ; A 110   ;,A 371   ; A 295   ; A 249   ; A 250   ; A 252   ;,22.1 A (  CA    CA A 751  );  16.5 A (  CA    CA A 751  );   8.6 A (  CA    CA A 751  );  13.8 A (  CA    CA A 751  );   9.7 A (  CA    CA A 751  ),0.84 A,"./target.php?radio=411721748142503|1bf2|371:A or 295:A or 249:A or 250:A or 252:A|0.4707,0.8197,-0.3265,-105.139,0.4046,0.1284,0.9054,-68.233,0.7841,-0.5583,-0.2712,-32.130,0.0,0.0,0.0,1.0|A  64   ,A  80   ,A  92   ,A 108   ,A 110   |A 371   ,A 295   ,A 249   ,A 250   ,A 252   &db=bc30",ASSAM_5tzo_Result.csv,0.84,,,,,,,,,
1gk9,PENICILLIN G ACYLASE ALPHA SUBUNIT,G; G; Y; T; S;,A  64   ; A  92   ; A 108   ; A 110   ; A 117   ;,A  95   ; B  34   ; B  33   ; B  48   ; B 150   ;,19.3 A (   O1  EDO B1569  );  11.6 A (   O2  EDO B1569  );   8.8 A (   O2  EDO B1569  );   9.2 A (   O2  EDO B1562  );  12.7 A (   C2  EDO B1562  ),0.92 A,"./target.php?radio=411721748142503|1gk9|95:A or 34:B or 33:B or 48:B or 150:B|-0.6870,-0.1651,0.7077,-21.969,-0.7088,-0.0621,-0.7026,35.398,0.1599,-0.9843,-0.0743,-0.523,0.0,0.0,0.0,1.0|A  64   ,A  92   ,A 108   ,A 110   ,A 117   |A  95   ,B  34   ,B  33   ,B  48   ,B 150   &db=bc30",ASSAM_5tzo_Result.csv,0.92,,,,,,,,,
,"GLYCOSIDE HYDROLASE FAMILY 2, CANDIDATE BETA-GLYCOS",H; G; D; Y; E;,A  35   ; A 101   ; A 104   ; B  36   ; B  89   ;,A 344   ; A 306   ; A 309   ; A 588   ; A 591   ;,-4.1 A (   O2  GOL A   1s );  14.6 A (   O1  GOL A   1  );  11.9 A (   O2  GOL A   1  );   7.2 A (   C3  GOL A   1  );  -2.7 A (   O3  GOL A   1s ),1.06 A,"./target.php?radio=410991748143245|3gm8|344:A or 306:A or 309:A or 588:A or 591:A|0.5716,0.7981,-0.1907,23.093,0.0315,0.2109,0.9770,58.050,0.8199,-0.5645,0.0954,40.594,0.0,0.0,0.0,1.0|A  35   ,A 101   ,A 104   ,B  36   ,B  89   |A 344   ,A 306   ,A 309   ,A 588   ,A 591   &db=bc30",ASSAM_7qt2_Result.csv,1.06,3gm8,,,,,,,,
,"GLYCOSYL TRANSFERASE, GROUP 1",H; Y; Y; E; Y;,A  35   ; A 102   ; B  55   ; B  89   ; B  96   ;,A   9   ; A  75   ; A  74   ; A 117   ; A 114   ;,none; none; none; none; none,1.06 A,"./target.php?radio=410991748143245|2r60|9:A or 75:A or 74:A or 117:A or 114:A|-0.2786,-0.8731,0.4001,192.531,0.9593,-0.2326,0.1603,141.350,-0.0469,0.4285,0.9023,-24.405,0.0,0.0,0.0,1.0|A  35   ,A 102   ,B  55   ,B  89   ,B  96   |A   9   ,A  75   ,A  74   ,A 117   ,A 114   &db=bc30",ASSAM_7qt2_Result.csv,1.06,2r60,,,,,,,,
,CONSERVED HYPOTHETICAL PROTEIN,H; E; Y; Y; Y;,A  35   ; A  99   ; A 106   ; B  36   ; B  96   ;,A 205   ; A 199   ; A 197   ; A 216   ; A 254   ;,none; none; none; none; none,1.21 A,"./target.php?radio=411721748142845|1sef|205:A or 199:A or 197:A or 216:A or 254:A|0.0580,-0.9760,-0.2099,51.411,-0.2748,-0.2177,0.9365,49.671,-0.9597,0.0034,-0.2808,98.207,0.0,0.0,0.0,1.0|A  35   ,A  99   ,A 106   ,B  36   ,B  96   |A 205   ,A 199   ,A 197   ,A 216   ,A 254   &db=bc30",ASSAM_7qt3_Result.csv,1.21,,1sef,,,,,,,
,DIPEPTIDYL PEPTIDASE 9,E; D; S; Y; Q;,A  99   ; A 108   ; B  50   ; B  55   ; B  89   ;,A 248   ; A 763   ; A 730   ; A 762   ; A 648   ;,-2.9 A (   O11 9XH A 901s );   6.2 A (   N13 9XH A 901  );  -3.0 A (   C9  9XH A 901s );  -4.8 A (   C1  9XH A 901s );  -4.0 A (   O16 9XH A 901s ),1.29 A,"./target.php?radio=411721748142845|6eor|248:A or 763:A or 730:A or 762:A or 648:A|-0.6247,-0.2637,-0.7350,-49.750,-0.3715,0.9283,-0.0174,14.944,0.6869,0.2622,-0.6779,117.539,0.0,0.0,0.0,1.0|A  99   ,A 108   ,B  50   ,B  55   ,B  89   |A 248   ,A 763   ,A 730   ,A 762   ,A 648   &db=bc30",ASSAM_7qt3_Result.csv,1.29,,6eor,,,,,,,
,MAJOR CELL-SURFACE ADHESIN PAC,Y; Y; D; S; G;,A  47   ; A  95   ; A  98   ; A 186   ; A 190   ;,A1475   ; A1386   ; A1431   ; A1258   ; A1319   ;,14.3 A (  CA    CA A   3  );   8.7 A (  CA    CA A   3  );   7.8 A (  CA    CA A   3  );   9.3 A (   C2  GLC A1495  );   5.9 A (   C1  GLC A1495  ),1.21 A,"./target.php?radio=410951748142067|3qe5|1475:A or 1386:A or 1431:A or 1258:A or 1319:A|0.9077,0.4170,-0.0465,-138.856,0.0639,-0.2469,-0.9669,223.362,-0.4147,0.8747,-0.2508,1.075,0.0,0.0,0.0,1.0|A  47   ,A  95   ,A  98   ,A 186   ,A 190   |A1475   ,A1386   ,A1431   ,A1258   ,A1319   &db=bc30",ASSAM_7u64_Result.csv,1.21,,,3qe5,,,,,,
,DNA-DIRECTED RNA POLYMERASE I SUBUNIT RPA190,Y; Y; Y; G; G;,A  33   ; A  47   ; A  50   ; A 133   ; A 190   ;,A1104   ; A1097   ; A1120   ; A 677   ; A 935   ;,41.7 A (  ZN    ZN I3002  );  41.0 A (  ZN    ZN I3002  );  42.7 A (  ZN    ZN I3002  );  27.9 A (  ZN    ZN I3002  );  20.6 A (  ZN    ZN I3002  ),1.24 A,"./target.php?radio=410951748142067|4c2m|1104:A or 1097:A or 1120:A or 677:A or 935:A|0.1664,0.9559,-0.2421,-139.444,-0.7884,-0.0185,-0.6149,224.482,-0.5923,0.2931,0.7505,-159.376,0.0,0.0,0.0,1.0|A  33   ,A  47   ,A  50   ,A 133   ,A 190   |A1104   ,A1097   ,A1120   ,A 677   ,A 935   &db=bc30",ASSAM_7u64_Result.csv,1.24,,,4c2m,,,,,,
,MU-TYPE OPIOID RECEPTOR,Q; N; D; Y; G; Y;,R 126   ; R 129   ; R 149   ; R 150   ; R 327   ; R 328   ;,A 124   ; A 127   ; A 147   ; A 148   ; A 325   ; A 326   ;,-4.0 A (   CAC 4VO A 401s );   5.9 A (   CAH 4VO A 401  );  -3.1 A (   NBB 4VO A 401s );   4.0 A (   CAP 4VO A 401  );   6.3 A (   CAQ 4VO A 401  );  -4.6 A (   CAB 4VO A 401s ),0.54 A,"./target.php?radio=21703301748105932|5c1m|124:A or 127:A or 147:A or 148:A or 325:A or 326:A|-0.1440,-0.9679,0.2059,130.061,0.8551,-0.0170,0.5182,135.465,-0.4980,0.2507,0.8301,173.253,0.0,0.0,0.0,1.0&db=bc30",ASSAM_8ef5_Result.csv,0.54,,,,5c1m,,,,,
,ACETONE CARBOXYLASE ALPHA SUBUNIT,Q; Y; G; D; G;,M 126   ; M 150   ; M 327   ; R 149   ; R 327   ;,A 191   ; A 345   ; A 185   ; A 630   ; A 658   ;,13.9 A (  MN    MN A 801  );  13.3 A (   O   ACT A 802  );  11.0 A (   O   ACT A 802  );  10.6 A (  ZN    ZN C 201  );  17.9 A (  ZN    ZN C 201  ),1.02 A,"./target.php?radio=21703301748105932|5m45|191:A or 345:A or 185:A or 630:A or 658:A|-0.2512,0.8924,0.3748,168.589,0.9524,0.2969,-0.0688,180.868,-0.1727,0.3397,-0.9245,173.113,0.0,0.0,0.0,1.0&db=bc30",ASSAM_8ef5_Result.csv,1.02,,,,5m45,,,,,
,PHOTOSYSTEM I P700 CHLOROPHYLL A APOPROTEIN A1,T; Q; T; Y;,A  95A  ; L  89   ; L  95A  ; L  95B  ;,B 226   ; A 390   ; A 289   ; A 382   ;,9.2 A (   C4  CLA B1213  );   9.1 A (   O1D CLA A1127  );  10.0 A (   CED CLA A1117  );  12.6 A (   CED CLA A1117  ),0.94 A,"./target.php?radio=410881748143834|1jb0|226:B or 390:A or 289:A or 382:A|-0.1028,-0.1943,-0.9756,76.224,0.7600,-0.6481,0.0490,-36.736,-0.6418,-0.7363,0.2142,137.580,0.0,0.0,0.0,1.0|A  95A  ,L  89   ,L  95A  ,L  95B  |B 226   ,A 390   ,A 289   ,A 382   &db=bc30",ASSAM_8tfq_Result.csv,0.94,,,,,1jb0,,,,
,COMPLEMENT COMPONENT C6,Q; S; T; Q;,A  89   ; A  90   ; A  95A  ; L  89   ;,A 359   ; A 361   ; A 526   ; A 673   ;,19.2 A (   C5  FUL A1004  );  15.3 A (   C6  FUL A1004  );  17.0 A (   O3  MAN A1010  );  39.2 A (  CD    CD A1001  ),1.08 A,"./target.php?radio=410881748143834|3t5o|359:A or 361:A or 526:A or 673:A|0.6553,0.0465,-0.7540,-39.294,0.4629,0.7640,0.4495,-57.358,0.5969,-0.6435,0.4791,80.738,0.0,0.0,0.0,1.0|A  89   ,A  90   ,A  95A  ,L  89   |A 359   ,A 361   ,A 526   ,A 673   &db=bc30",ASSAM_8tfq_Result.csv,1.08,,,,,3t5o,,,,
,METHYLMALONYL-COA MUTASE,N; D; D; N; D;,A  32   ; A  52   ; A  73   ; A  76   ; B  52   ;,A 129   ; A 126   ; A 118   ; A 485   ; A 262   ;,17.0 A (   O44 B12 A 800  );  17.4 A (   N40 B12 A 800  );   8.2 A (   N40 B12 A 800  );  11.8 A (   O34 B12 A 800  );  13.7 A (   C47 B12 A 800  ),1.17 A,"./target.php?radio=411151748144145|1req|129:A or 126:A or 118:A or 485:A or 262:A|0.3796,-0.7257,-0.5738,38.316,-0.3213,-0.6851,0.6538,83.288,-0.8676,-0.0638,-0.4932,62.679,0.0,0.0,0.0,1.0|A  32   ,A  52   ,A  73   ,A  76   ,B  52   |A 129   ,A 126   ,A 118   ,A 485   ,A 262   &db=bc30",ASSAM_8v9w_Result.csv,1.17,,,,,,1req,,,
,PUTATIVE 2-AMINOETHYLPHOSPHONATE-BINDING PERIPLASMI,T; D; D; N; T;,A  28   ; A  52   ; A  73   ; A  76   ; B  28   ;,A 202   ; A  35   ; A 216   ; A 220   ; A  75   ;,10.7 A (   OXT ACT A 402  );   8.5 A (   O3  GOL A 401  );   4.0 A (   O2  GOL A 401  );   9.3 A (   O   ACT A 402  );  28.1 A (   C3  GOL A 401  ),1.19 A,"./target.php?radio=411151748144145|4r6y|202:A or 35:A or 216:A or 220:A or 75:A|-0.8339,0.1934,0.5169,42.971,-0.1807,0.7893,-0.5868,11.603,-0.5214,-0.5828,-0.6233,-22.727,0.0,0.0,0.0,1.0|A  28   ,A  52   ,A  73   ,A  76   ,B  28   |A 202   ,A  35   ,A 216   ,A 220   ,A  75   &db=bc30",ASSAM_8v9w_Result.csv,1.19,,,,,,4r6y,,,
,VP1,Y; E; Y; Y; Q;,H  35   ; H  95   ; H 102   ; L  36   ; L  89   ;,D  18   ; A 180   ; A 186   ; B  85   ; B  83   ;,46.3 A (  CA    CA A 301  );  43.6 A (  CA    CA B 301  );  38.9 A (  CA    CA B 301  );  38.8 A (  CA    CA B 301  );  41.7 A (  CA    CA A 301  ),1.11 A,"./target.php?radio=411951748142221|5lsf|18:D or 180:A or 186:A or 85:B or 83:B|-0.6151,0.5570,0.5580,87.108,0.0799,0.7481,-0.6587,-119.393,-0.7844,-0.3606,-0.5047,-30.217,0.0,0.0,0.0,1.0|H  35   ,H  95   ,H 102   ,L  36   ,L  89   |D  18   ,A 180   ,A 186   ,B  85   ,B  83   &db=bc30",ASSAM_9axn_Result.csv,1.11,,,,,,,5lsf,,
,REPLICASE LARGE SUBUNIT,S; E; G; Y; Y;,H  94   ; H  95   ; H  97   ; L  36   ; L  55   ;,A 845   ; A 842   ; A 838   ; A 929   ; A 931   ;,6.1 A (   O3  SO4 A1202  );   9.7 A (   O1  SO4 A1201  );  -3.6 A (   O4  SO4 A1201s );  15.3 A (   O1  SO4 A1201  );   8.8 A (   O1  SO4 A1201  ),1.18 A,"./target.php?radio=411951748142221|3vkw|845:A or 842:A or 838:A or 929:A or 931:A|-0.9827,0.1261,0.1354,-0.638,0.1763,0.4160,0.8921,-59.978,0.0561,0.9006,-0.4311,-79.323,0.0,0.0,0.0,1.0|H  94   ,H  95   ,H  97   ,L  36   ,L  55   |A 845   ,A 842   ,A 838   ,A 929   ,A 931   &db=bc30",ASSAM_9axn_Result.csv,1.18,,,,,,,3vkw,,
,MILK PROTEIN,T; E; Y; Y; Y;,H  94   ; H  95   ; H 100   ; L  55   ; L  96   ;,A  52   ; A  38   ; A 116   ; A  40   ; A  84   ;,-3.7 A (   O6  NAG A 201s );   4.3 A (   C17BEIC A 208  );   5.3 A (   O1 BGOL A 209  );   7.2 A (   C18BEIC A 208  );  -3.9 A (   C13AOLA A 207s ),1.20 A,"./target.php?radio=411711748142664|4nyq|52:A or 38:A or 116:A or 40:A or 84:A|0.7643,-0.5153,0.3877,-22.402,-0.6075,-0.3737,0.7009,-23.239,-0.2163,-0.7712,-0.5987,35.795,0.0,0.0,0.0,1.0|H  94   ,H  95   ,H 100   ,L  55   ,L  96   |A  52   ,A  38   ,A 116   ,A  40   ,A  84   &db=bc30",ASSAM_9axo_Result.csv,1.2,,,,,,,,4nyq,
,LYSINE-SPECIFIC DEMETHYLASE 2A,T; E; D; Y; Y;,H  94   ; H  95   ; H 101   ; L  49   ; L  55   ;,A 318   ; A 315   ; A 316   ; A 329   ; A 312   ;,15.5 A (  NI    NI A 601  );  11.7 A (  NI    NI A 601  );  20.9 A (  NI    NI A 601  );  16.2 A (  NI    NI A 601  );  17.2 A (  NI    NI A 601  ),1.31 A,"./target.php?radio=411711748142664|4qxb|318:A or 315:A or 316:A or 329:A or 312:A|-0.2794,-0.0859,-0.9563,-21.247,-0.9406,-0.1755,0.2905,-8.852,-0.1928,0.9807,-0.0318,10.762,0.0,0.0,0.0,1.0|H  94   ,H  95   ,H 101   ,L  49   ,L  55   |A 318   ,A 315   ,A 316   ,A 329   ,A 312   &db=bc30",ASSAM_9axo_Result.csv,1.31,,,,,,,,4qxb,
,OMPT PROTEIN,E; G; Y; Y;,H  99   ; H 101   ; L  36   ; L  55   ;,A 150   ; A 136   ; A 215   ; A 152   ;,11.5 A (   O9  C8E A 401  );  10.6 A (   O9  C8E A 401  );   8.6 A (   C11 C8E A 410  );   8.3 A (   C20 C8E A 401  ),0.83 A,"./target.php?radio=404321748143270|6ehd|150:A or 136:A or 215:A or 152:A|0.1035,0.8943,0.4353,-1.053,0.4988,0.3320,-0.8006,-47.499,-0.8605,0.3000,-0.4117,66.270,0.0,0.0,0.0,1.0|H  99   ,H 101   ,L  36   ,L  55   |A 150   ,A 136   ,A 215   ,A 152   &db=bc30",ASSAM_9axr_Result.csv,0.83,,,,,,,,,6ehd
,UNCHARACTERIZED PROTEIN,E; G; Y; Q;,H  99   ; H 101   ; L  55   ; L  89   ;,A 393   ; A 404   ; A 349   ; A 103   ;,-3.7 A (   N  ATRS A 501s );   8.4 A (   N  ATRS A 501  );  -4.3 A (   O3 ATRS A 501s );  -3.4 A (   O2 BTRS A 501s ),0.88 A,"./target.php?radio=404321748143270|4wva|393:A or 404:A or 349:A or 103:A|-0.1356,-0.4485,-0.8834,-4.099,-0.3049,-0.8295,0.4679,-58.026,-0.9427,0.3328,-0.0242,-6.043,0.0,0.0,0.0,1.0|H  99   ,H 101   ,L  55   ,L  89   |A 393   ,A 404   ,A 349   ,A 103   &db=bc30",ASSAM_9axr_Result.csv,0.88,,,,,,,,,4wva
,HUMAN LEUKOTRIENE A4 HYDROLASE,Y; E; G; Q;,H  35   ; H  99   ; H 101   ; L  89   ;,A 378   ; A 318   ; A 319   ; A 134   ;,4.4 A (   N1  IMD A1618  );   2.2 A (  ZN    ZN A1612s );   8.0 A (  ZN    ZN A1612  );   6.6 A (   C5  IMD A1618  ),1.10 A,"./target.php?radio=404321748143270|5fwq|378:A or 318:A or 319:A or 134:A|-0.5022,-0.5502,-0.6671,5.658,0.4206,-0.8295,0.3676,-42.397,-0.7556,-0.0960,0.6480,21.863,0.0,0.0,0.0,1.0|H  35   ,H  99   ,H 101   ,L  89   |A 378   ,A 318   ,A 319   ,A 134   &db=bc30",Top1_Human_FromEachFile.csv,1.1,,,,,,,,,5fwq
1wpo,HUMAN CYTOMEGALOVIRUS PROTEASE,S; G; T; G; R;,A  35   ; A  64   ; A  91   ; A  92   ; A 112   ;,A 162   ; A 126   ; A 248   ; A 246   ; A 167   ;,none; none; none; none; none,1.78 A,"./target.php?radio=411721748142503|1wpo|162:A or 126:A or 248:A or 246:A or 167:A|0.1533,-0.7414,-0.6533,-14.571,0.5626,0.6090,-0.5591,-13.032,0.8124,-0.2819,0.5104,-49.280,0.0,0.0,0.0,1.0|A  35   ,A  64   ,A  91   ,A  92   ,A 112   |A 162   ,A 126   ,A 248   ,A 246   ,A 167   &db=bc30",Top1_Human_FromEachFile.csv,1.78,,,,,,,,,
